object,index,x,y,z
bed1,0,-10.119,193.927,4.014
bed1,1,-10.005,193.985,4.011
bed1,2,-9.881,194.037,4.005
bed1,3,-9.765,194.085,4.000
bed1,4,-9.411,194.247,3.985
bed1,5,-9.283,194.303,3.979
bed1,6,-9.167,194.350,3.973
bed1,7,-9.059,194.393,3.968
bed1,8,-8.821,194.480,3.952
bed1,9,-8.687,194.549,3.949
bed1,10,-8.572,194.597,3.943
bed1,11,-8.454,194.657,3.939
bed1,12,-7.984,194.854,3.916
bed1,13,-7.753,194.982,3.911
bed1,14,-7.375,195.135,3.894
bed1,15,-7.261,195.184,3.890
bed1,16,-7.027,195.300,3.886
bed1,17,-6.776,195.400,3.876
bed1,18,-6.658,195.460,3.878
bed1,19,-6.528,195.513,3.876
bed1,20,-6.301,195.602,3.872
bed1,21,-5.831,195.828,3.873
bed1,22,-5.694,195.864,3.866
bed1,23,-5.584,195.923,3.868
bed1,24,-4.989,196.182,3.863
bed1,25,-4.866,196.242,3.864
bed1,26,-4.756,196.286,3.862
bed1,27,-4.623,196.334,3.859
bed1,28,-4.489,196.380,3.854
bed1,29,-4.031,196.609,3.858
bed1,30,-3.907,196.634,3.850
bed1,31,-3.790,196.710,3.856
bed1,32,-3.545,196.806,3.854
bed1,33,-3.422,196.851,3.852
bed1,34,-3.317,196.913,3.857
bed1,35,-3.196,196.954,3.853
bed1,36,-2.967,197.087,3.863
bed1,37,-2.818,197.126,3.857
bed1,38,-2.699,197.175,3.858
bed1,39,-2.593,197.225,3.860
bed1,40,-2.359,197.348,3.869
bed1,41,-2.237,197.409,3.873
bed1,42,-1.985,197.505,3.875
bed1,43,-1.866,197.566,3.881
bed1,44,-1.734,197.603,3.878
bed1,45,-1.617,197.648,3.879
bed1,46,-1.396,197.742,3.885
bed1,47,-1.269,197.785,3.884
bed1,48,-1.135,197.853,3.890
bed1,49,-0.663,198.037,3.897
bed1,50,-0.550,198.085,3.899
bed1,51,-0.312,198.198,3.908
bed1,52,-0.181,198.236,3.906
bed1,53,0.166,198.379,3.914
bed1,54,0.291,198.441,3.919
bed1,55,0.646,198.578,3.924
bed1,56,1.003,198.744,3.936
bed1,57,1.115,198.776,3.934
bed1,58,1.605,198.982,3.947
bed1,59,2.077,199.203,3.962
bed1,60,2.212,199.263,3.965
bed1,61,2.345,199.302,3.966
bed1,62,2.689,199.448,3.979
bed1,63,3.044,199.603,3.993
bed1,64,3.169,199.653,3.997
bed1,65,3.291,199.730,4.009
bed1,66,3.399,199.749,4.005
bed1,67,3.533,199.796,4.008
bed1,68,3.881,199.964,4.027
bed1,69,4.009,200.000,4.027
bed1,70,4.119,200.046,4.031
bed1,71,4.361,200.171,4.046
bed1,72,4.466,200.206,4.048
bed1,73,4.613,200.268,4.053
bed1,74,4.722,200.311,4.057
bed1,75,5.079,200.459,4.069
bed1,76,5.207,200.502,4.071
bed1,77,5.444,200.609,4.082
bed1,78,5.571,200.664,4.088
bed1,79,5.678,200.710,4.092
bed1,80,5.815,200.770,4.097
bed1,81,5.910,200.811,4.102
bed1,82,6.270,200.955,4.107
bed1,83,6.734,201.169,4.115
bed1,84,6.853,201.219,4.112
bed1,85,6.979,201.267,4.107
bed1,86,7.097,201.329,4.108
bed1,87,7.203,201.381,4.107
bed1,88,7.463,201.486,4.100
bed1,89,7.920,201.674,4.084
bed1,90,8.414,201.902,4.075
bed1,91,8.518,201.966,4.077
bed1,92,8.645,201.995,4.065
bed1,93,8.755,202.051,4.064
bed1,94,8.898,202.095,4.054
bed1,95,9.127,202.228,4.056
bed1,96,9.242,202.249,4.045
bed1,97,9.470,202.383,4.047
bed1,98,9.597,202.416,4.037
bed1,99,9.697,202.480,4.039
bed1,100,9.946,202.571,4.026
bed1,101,10.070,202.642,4.027
bed1,102,10.175,202.692,4.025
bed1,103,10.288,202.738,4.021
bed1,104,10.423,202.783,4.012
bed1,105,10.539,202.839,4.010
bed1,106,10.644,202.879,4.005
bed1,107,10.905,203.000,3.999
bed1,108,11.013,203.044,3.994
bed1,109,11.130,203.111,3.995
bed1,110,11.258,203.160,3.987
bed1,111,11.474,203.265,3.978
bed1,112,11.730,203.364,3.961
bed1,113,11.823,203.413,3.959
bed1,114,11.950,203.466,3.950
bed1,115,12.210,203.588,3.936
bed1,116,12.549,203.754,3.919
bed1,117,12.669,203.795,3.908
bed1,118,12.779,203.842,3.900
bed1,119,13.032,203.957,3.885
bed1,120,13.137,204.011,3.881
bed1,121,13.376,204.109,3.864
bed1,122,13.493,204.162,3.857
bed1,123,13.727,204.275,3.844
bed1,124,13.833,204.332,3.840
bed1,125,13.970,204.386,3.830
bed1,126,14.075,204.421,3.820
bed1,127,14.193,204.490,3.817
bed1,128,14.321,204.542,3.808
bed1,129,14.434,204.583,3.798
bed1,130,14.548,204.659,3.798
bed1,131,14.672,204.700,3.786
bed1,132,14.787,204.736,3.775
bed1,133,15.037,204.859,3.763
bed1,134,15.377,205.029,3.746
bed1,135,15.498,205.085,3.739
bed1,136,15.616,205.124,3.728
bed1,137,15.749,205.172,3.717
bed1,138,15.863,205.227,3.711
bed1,139,15.962,205.302,3.713
bed1,140,16.089,205.350,3.703
bed1,141,16.214,205.391,3.691
bed1,142,16.561,205.555,3.668
bed1,143,16.664,205.602,3.660
bed1,144,16.786,205.662,3.652
bed1,145,17.032,205.761,3.631
bed1,146,17.147,205.809,3.620
bed1,147,17.503,205.977,3.593
bed1,148,17.621,206.024,3.582
bed1,149,17.731,206.077,3.574
bed1,150,17.859,206.137,3.564
bed1,151,18.084,206.249,3.548
bed1,152,18.328,206.337,3.523
bed1,153,18.432,206.406,3.520
bed1,154,18.573,206.463,3.508
bed1,155,19.138,206.717,3.469
bed1,156,19.270,206.786,3.462
bed1,157,19.388,206.844,3.455
bed1,158,19.510,206.891,3.444
bed1,159,19.626,206.935,3.434
bed1,160,19.870,207.038,3.415
bed1,161,20.104,207.154,3.402
bed1,162,20.350,207.251,3.381
bed1,163,20.442,207.318,3.381
bed1,164,21.049,207.573,3.334
bed1,165,21.279,207.689,3.321
bed1,166,21.530,207.796,3.302
bed1,167,21.984,208.017,3.274
bed1,168,22.110,208.051,3.260
bed1,169,22.233,208.118,3.255
bed1,170,22.342,208.171,3.250
bed1,171,22.815,208.395,3.226
bed1,172,23.054,208.506,3.212
bed1,173,23.183,208.567,3.206
bed1,174,23.403,208.669,3.195
bed1,175,23.524,208.717,3.186
bed1,176,23.912,208.891,3.174
bed1,177,24.052,208.946,3.170
bed1,178,24.148,209.004,3.172
bed1,179,24.282,209.041,3.164
bed1,180,24.395,209.086,3.161
bed1,181,24.520,209.132,3.157
bed1,182,24.637,209.198,3.159
bed1,183,24.751,209.257,3.160
bed1,184,24.993,209.365,3.158
bed1,185,25.112,209.408,3.154
bed1,186,25.251,209.461,3.149
bed1,187,25.471,209.564,3.148
bed1,188,25.718,209.657,3.141
bed1,189,25.832,209.725,3.144
bed1,190,25.952,209.766,3.139
bed1,191,26.186,209.875,3.138
bed1,192,26.546,210.054,3.139
bed1,193,26.652,210.087,3.134
bed1,194,26.780,210.132,3.129
bed1,195,27.029,210.250,3.129
bed1,196,27.264,210.351,3.125
bed1,197,27.394,210.406,3.122
bed1,198,27.497,210.453,3.121
bed1,199,27.736,210.557,3.118
bed1,200,27.842,210.603,3.117
bed1,201,27.969,210.666,3.117
bed1,202,28.095,210.704,3.110
bed1,203,28.221,210.775,3.114
bed1,204,28.338,210.820,3.112
bed1,205,28.695,210.972,3.112
bed1,206,28.917,211.108,3.121
bed1,207,29.063,211.156,3.117
bed1,208,29.403,211.323,3.126
bed1,209,29.518,211.377,3.128
bed1,210,29.780,211.487,3.130
bed1,211,30.276,211.688,3.138
bed1,212,30.382,211.731,3.140
bed1,213,30.500,211.763,3.136
bed1,214,30.741,211.881,3.147
bed1,215,30.849,211.927,3.149
bed1,216,30.976,211.981,3.153
bed1,217,31.115,212.031,3.153
bed1,218,31.350,212.134,3.159
bed1,219,31.813,212.346,3.175
bed1,220,31.954,212.385,3.171
bed1,221,32.417,212.596,3.186
bed1,222,32.533,212.633,3.185
bed1,223,32.653,212.684,3.188
bed1,224,32.894,212.794,3.196
bed1,225,33.262,212.944,3.202
bed1,226,33.495,213.051,3.210
bed1,227,33.616,213.088,3.208
bed1,228,33.743,213.148,3.212
bed1,229,33.858,213.200,3.216
bed1,230,33.972,213.246,3.218
bed1,231,34.104,213.291,3.217
bed1,232,34.205,213.344,3.223
bed1,233,34.701,213.546,3.232
bed1,234,35.066,213.716,3.246
bed1,235,35.415,213.858,3.254
bed1,236,-10.400,194.253,4.140
bed1,237,-10.163,194.343,4.125
bed1,238,-9.691,194.570,4.108
bed1,239,-9.559,194.614,4.099
bed1,240,-9.455,194.670,4.096
bed1,241,-9.219,194.763,4.083
bed1,242,-8.736,194.986,4.063
bed1,243,-8.271,195.200,4.044
bed1,244,-7.887,195.360,4.025
bed1,245,-7.793,195.400,4.020
bed1,246,-7.663,195.464,4.016
bed1,247,-7.309,195.611,4.004
bed1,248,-7.194,195.681,4.005
bed1,249,-7.064,195.718,3.996
bed1,250,-6.960,195.773,3.995
bed1,251,-6.821,195.832,3.994
bed1,252,-6.692,195.879,3.990
bed1,253,-6.582,195.939,3.992
bed1,254,-6.470,195.993,3.993
bed1,255,-6.222,196.096,3.990
bed1,256,-6.088,196.152,3.988
bed1,257,-5.733,196.309,3.986
bed1,258,-5.618,196.346,3.981
bed1,259,-5.495,196.407,3.982
bed1,260,-5.026,196.613,3.981
bed1,261,-4.536,196.857,3.989
bed1,262,-4.440,196.910,3.993
bed1,263,-4.335,196.950,3.991
bed1,264,-4.198,197.002,3.989
bed1,265,-4.078,197.054,3.989
bed1,266,-3.947,197.106,3.988
bed1,267,-3.730,197.212,3.995
bed1,268,-3.349,197.354,3.993
bed1,269,-3.245,197.412,3.998
bed1,270,-3.105,197.468,3.998
bed1,271,-2.986,197.515,3.998
bed1,272,-2.758,197.621,4.004
bed1,273,-2.155,197.877,4.012
bed1,274,-2.037,197.920,4.011
bed1,275,-1.793,198.020,4.015
bed1,276,-1.431,198.176,4.023
bed1,277,-1.319,198.224,4.026
bed1,278,-0.960,198.374,4.033
bed1,279,-0.845,198.429,4.037
bed1,280,-0.713,198.472,4.036
bed1,281,-0.597,198.530,4.041
bed1,282,-0.473,198.585,4.044
bed1,283,-0.358,198.636,4.048
bed1,284,-0.130,198.732,4.052
bed1,285,-0.005,198.778,4.052
bed1,286,0.118,198.825,4.054
bed1,287,0.255,198.881,4.056
bed1,288,0.349,198.923,4.059
bed1,289,0.473,198.967,4.059
bed1,290,0.712,199.097,4.073
bed1,291,1.066,199.238,4.078
bed1,292,1.197,199.297,4.082
bed1,293,1.326,199.352,4.086
bed1,294,1.560,199.459,4.097
bed1,295,1.673,199.505,4.100
bed1,296,2.386,199.799,4.122
bed1,297,2.508,199.847,4.125
bed1,298,2.627,199.909,4.133
bed1,299,2.740,199.967,4.141
bed1,300,2.870,200.009,4.140
bed1,301,3.111,200.117,4.150
bed1,302,3.362,200.215,4.154
bed1,303,3.465,200.255,4.156
bed1,304,3.595,200.304,4.158
bed1,305,3.707,200.359,4.164
bed1,306,3.834,200.406,4.165
bed1,307,4.066,200.525,4.180
bed1,308,4.311,200.609,4.180
bed1,309,4.562,200.717,4.189
bed1,310,4.681,200.749,4.187
bed1,311,4.799,200.801,4.193
bed1,312,5.036,200.910,4.204
bed1,313,5.392,201.047,4.212
bed1,314,5.861,201.256,4.233
bed1,315,6.010,201.293,4.230
bed1,316,6.230,201.402,4.243
bed1,317,6.346,201.433,4.242
bed1,318,6.465,201.490,4.248
bed1,319,6.810,201.631,4.241
bed1,320,6.934,201.703,4.243
bed1,321,7.053,201.745,4.238
bed1,322,7.289,201.856,4.234
bed1,323,7.391,201.914,4.235
bed1,324,7.522,201.968,4.229
bed1,325,7.641,202.014,4.224
bed1,326,8.111,202.214,4.208
bed1,327,8.362,202.318,4.198
bed1,328,8.468,202.371,4.197
bed1,329,8.591,202.418,4.191
bed1,330,8.834,202.527,4.184
bed1,331,8.945,202.579,4.182
bed1,332,9.183,202.699,4.179
bed1,333,9.422,202.799,4.170
bed1,334,9.542,202.845,4.164
bed1,335,9.780,202.946,4.156
bed1,336,10.028,203.058,4.149
bed1,337,10.144,203.114,4.147
bed1,338,10.499,203.275,4.137
bed1,339,10.619,203.334,4.135
bed1,340,10.749,203.380,4.128
bed1,341,11.075,203.519,4.115
bed1,342,11.206,203.603,4.116
bed1,343,11.432,203.699,4.104
bed1,344,11.787,203.846,4.082
bed1,345,11.918,203.892,4.071
bed1,346,12.027,203.942,4.064
bed1,347,12.144,203.999,4.058
bed1,348,12.263,204.061,4.053
bed1,349,12.619,204.212,4.029
bed1,350,12.748,204.280,4.024
bed1,351,12.861,204.314,4.012
bed1,352,12.969,204.384,4.012
bed1,353,13.205,204.499,4.000
bed1,354,13.329,204.539,3.988
bed1,355,13.806,204.754,3.959
bed1,356,14.265,204.963,3.932
bed1,357,14.512,205.063,3.913
bed1,358,14.626,205.121,3.908
bed1,359,14.754,205.180,3.901
bed1,360,14.981,205.290,3.889
bed1,361,15.106,205.341,3.880
bed1,362,15.221,205.393,3.873
bed1,363,15.324,205.441,3.867
bed1,364,15.579,205.544,3.848
bed1,365,15.820,205.673,3.838
bed1,366,15.936,205.696,3.824
bed1,367,16.053,205.757,3.819
bed1,368,16.139,205.813,3.818
bed1,369,16.270,205.877,3.808
bed1,370,16.407,205.926,3.794
bed1,371,16.498,205.970,3.788
bed1,372,16.751,206.077,3.765
bed1,373,16.862,206.137,3.759
bed1,374,16.993,206.190,3.746
bed1,375,17.087,206.243,3.741
bed1,376,17.222,206.292,3.727
bed1,377,17.348,206.364,3.721
bed1,378,17.685,206.507,3.691
bed1,379,18.029,206.664,3.663
bed1,380,18.161,206.724,3.652
bed1,381,18.403,206.844,3.635
bed1,382,18.525,206.875,3.621
bed1,383,18.768,206.987,3.603
bed1,384,19.003,207.080,3.583
bed1,385,19.218,207.210,3.576
bed1,386,19.349,207.261,3.565
bed1,387,19.463,207.320,3.559
bed1,388,19.578,207.377,3.552
bed1,389,19.697,207.414,3.540
bed1,390,20.396,207.747,3.495
bed1,391,20.518,207.801,3.486
bed1,392,20.644,207.855,3.477
bed1,393,21.237,208.116,3.434
bed1,394,21.359,208.177,3.428
bed1,395,21.465,208.234,3.424
bed1,396,21.577,208.304,3.422
bed1,397,21.826,208.398,3.402
bed1,398,21.948,208.441,3.391
bed1,399,22.181,208.565,3.382
bed1,400,22.413,208.656,3.366
bed1,401,22.534,208.725,3.363
bed1,402,22.662,208.781,3.355
bed1,403,22.767,208.820,3.347
bed1,404,23.367,209.109,3.319
bed1,405,23.493,209.151,3.308
bed1,406,23.622,209.222,3.308
bed1,407,23.872,209.323,3.301
bed1,408,23.996,209.368,3.296
bed1,409,24.245,209.478,3.292
bed1,410,24.356,209.524,3.289
bed1,411,24.704,209.678,3.285
bed1,412,24.821,209.737,3.286
bed1,413,24.968,209.801,3.283
bed1,414,25.303,209.934,3.275
bed1,415,25.431,209.990,3.273
bed1,416,25.670,210.105,3.273
bed1,417,25.806,210.156,3.269
bed1,418,25.907,210.207,3.269
bed1,419,26.041,210.254,3.264
bed1,420,26.147,210.304,3.264
bed1,421,26.385,210.397,3.257
bed1,422,26.631,210.518,3.258
bed1,423,26.750,210.576,3.258
bed1,424,26.862,210.623,3.256
bed1,425,26.968,210.668,3.254
bed1,426,27.214,210.781,3.253
bed1,427,27.459,210.904,3.257
bed1,428,27.576,210.980,3.264
bed1,429,27.687,211.013,3.259
bed1,430,28.061,211.174,3.256
bed1,431,28.159,211.225,3.259
bed1,432,28.295,211.271,3.256
bed1,433,28.393,211.332,3.262
bed1,434,28.530,211.376,3.258
bed1,435,28.645,211.434,3.261
bed1,436,28.778,211.475,3.257
bed1,437,29.004,211.579,3.261
bed1,438,29.247,211.698,3.269
bed1,439,29.498,211.794,3.268
bed1,440,29.735,211.894,3.272
bed1,441,29.873,211.959,3.277
bed1,442,29.979,211.998,3.277
bed1,443,30.229,212.116,3.287
bed1,444,30.346,212.162,3.289
bed1,445,30.472,212.192,3.284
bed1,446,30.570,212.255,3.293
bed1,447,30.704,212.309,3.295
bed1,448,30.806,212.367,3.302
bed1,449,30.939,212.404,3.299
bed1,450,31.058,212.453,3.301
bed1,451,31.168,212.502,3.304
bed1,452,31.302,212.539,3.301
bed1,453,31.544,212.652,3.310
bed1,454,31.791,212.748,3.312
bed1,455,31.900,212.807,3.319
bed1,456,32.241,212.960,3.329
bed1,457,32.376,213.019,3.333
bed1,458,32.612,213.117,3.338
bed1,459,32.874,213.215,3.339
bed1,460,33.103,213.323,3.348
bed1,461,33.460,213.483,3.360
bed1,462,33.569,213.517,3.358
bed1,463,33.808,213.631,3.368
bed1,464,33.937,213.685,3.371
bed1,465,34.047,213.739,3.376
bed1,466,34.287,213.826,3.377
bed1,467,34.541,213.924,3.381
bed1,468,34.772,214.019,3.387
bed1,469,35.020,214.129,3.396
bed1,470,35.130,214.164,3.395
bed1,471,35.253,214.229,3.403
bed1,472,-10.567,194.619,4.255
bed1,473,-9.863,194.939,4.225
bed1,474,-9.725,195.003,4.219
bed1,475,-9.597,195.041,4.209
bed1,476,-9.490,195.094,4.206
bed1,477,-9.378,195.139,4.199
bed1,478,-9.135,195.265,4.193
bed1,479,-9.021,195.318,4.188
bed1,480,-8.793,195.406,4.175
bed1,481,-8.671,195.457,4.169
bed1,482,-8.410,195.570,4.156
bed1,483,-8.317,195.615,4.153
bed1,484,-8.070,195.726,4.142
bed1,485,-7.952,195.787,4.139
bed1,486,-7.822,195.842,4.134
bed1,487,-7.702,195.884,4.127
bed1,488,-7.584,195.960,4.130
bed1,489,-7.479,196.012,4.128
bed1,490,-7.232,196.090,4.112
bed1,491,-7.104,196.157,4.112
bed1,492,-6.980,196.219,4.113
bed1,493,-6.753,196.311,4.109
bed1,494,-6.616,196.346,4.102
bed1,495,-6.505,196.433,4.111
bed1,496,-6.396,196.465,4.106
bed1,497,-6.260,196.515,4.104
bed1,498,-5.917,196.700,4.114
bed1,499,-5.792,196.738,4.108
bed1,500,-5.674,196.794,4.109
bed1,501,-5.536,196.851,4.109
bed1,502,-5.309,196.952,4.112
bed1,503,-5.195,196.997,4.112
bed1,504,-5.083,197.057,4.116
bed1,505,-4.970,197.124,4.122
bed1,506,-4.837,197.172,4.119
bed1,507,-4.704,197.212,4.115
bed1,508,-4.595,197.268,4.119
bed1,509,-4.469,197.319,4.120
bed1,510,-4.233,197.420,4.123
bed1,511,-3.874,197.589,4.132
bed1,512,-3.757,197.636,4.132
bed1,513,-3.532,197.731,4.134
bed1,514,-3.391,197.781,4.133
bed1,515,-2.909,198.004,4.143
bed1,516,-2.801,198.027,4.137
bed1,517,-2.559,198.144,4.144
bed1,518,-2.219,198.290,4.149
bed1,519,-2.071,198.343,4.148
bed1,520,-1.952,198.374,4.143
bed1,521,-1.835,198.449,4.153
bed1,522,-1.470,198.595,4.158
bed1,523,-1.250,198.710,4.170
bed1,524,-1.110,198.742,4.164
bed1,525,-0.997,198.791,4.167
bed1,526,-0.641,198.959,4.180
bed1,527,-0.511,199.003,4.179
bed1,528,-0.400,199.054,4.183
bed1,529,-0.284,199.102,4.185
bed1,530,-0.176,199.149,4.188
bed1,531,-0.031,199.195,4.186
bed1,532,0.067,199.268,4.198
bed1,533,0.440,199.408,4.201
bed1,534,0.695,199.497,4.205
bed1,535,0.782,199.569,4.220
bed1,536,1.038,199.662,4.222
bed1,537,1.144,199.718,4.229
bed1,538,1.276,199.774,4.234
bed1,539,1.510,199.870,4.242
bed1,540,1.763,199.964,4.248
bed1,541,2.124,200.119,4.263
bed1,542,2.249,200.175,4.269
bed1,543,2.580,200.307,4.280
bed1,544,2.726,200.367,4.284
bed1,545,2.831,200.422,4.292
bed1,546,2.942,200.463,4.293
bed1,547,3.059,200.522,4.301
bed1,548,3.199,200.587,4.307
bed1,549,3.314,200.634,4.310
bed1,550,3.424,200.671,4.309
bed1,551,3.561,200.720,4.310
bed1,552,3.664,200.772,4.317
bed1,553,3.910,200.876,4.324
bed1,554,4.036,200.925,4.326
bed1,555,4.263,201.028,4.335
bed1,556,4.625,201.165,4.340
bed1,557,4.741,201.216,4.344
bed1,558,5.110,201.382,4.359
bed1,559,5.217,201.432,4.364
bed1,560,5.347,201.472,4.363
bed1,561,5.464,201.526,4.368
bed1,562,5.702,201.620,4.372
bed1,563,5.820,201.671,4.375
bed1,564,6.079,201.764,4.376
bed1,565,6.639,202.026,4.385
bed1,566,6.767,202.078,4.381
bed1,567,6.892,202.128,4.377
bed1,568,7.247,202.286,4.368
bed1,569,7.367,202.351,4.368
bed1,570,7.487,202.397,4.362
bed1,571,7.715,202.501,4.355
bed1,572,7.952,202.600,4.346
bed1,573,8.073,202.651,4.341
bed1,574,8.190,202.705,4.338
bed1,575,8.319,202.740,4.326
bed1,576,8.450,202.805,4.325
bed1,577,8.557,202.859,4.323
bed1,578,8.679,202.910,4.318
bed1,579,8.783,202.966,4.317
bed1,580,8.916,203.011,4.309
bed1,581,9.043,203.080,4.308
bed1,582,9.387,203.214,4.292
bed1,583,9.622,203.331,4.288
bed1,584,9.754,203.369,4.278
bed1,585,9.979,203.491,4.277
bed1,586,10.328,203.638,4.264
bed1,587,10.465,203.686,4.256
bed1,588,10.572,203.750,4.258
bed1,589,10.688,203.797,4.253
bed1,590,10.804,203.868,4.255
bed1,591,10.930,203.901,4.243
bed1,592,11.040,203.967,4.243
bed1,593,11.163,204.028,4.239
bed1,594,11.289,204.067,4.228
bed1,595,11.411,204.121,4.223
bed1,596,11.529,204.173,4.217
bed1,597,11.630,204.218,4.211
bed1,598,11.864,204.325,4.197
bed1,599,11.988,204.382,4.190
bed1,600,12.108,204.429,4.181
bed1,601,12.223,204.490,4.176
bed1,602,12.341,204.543,4.169
bed1,603,12.701,204.702,4.146
bed1,604,13.158,204.932,4.125
bed1,605,13.296,204.977,4.112
bed1,606,13.419,205.016,4.100
bed1,607,13.649,205.130,4.089
bed1,608,13.996,205.272,4.064
bed1,609,14.242,205.403,4.054
bed1,610,14.708,205.610,4.025
bed1,611,14.825,205.667,4.019
bed1,612,14.935,205.714,4.011
bed1,613,15.062,205.764,4.002
bed1,614,15.312,205.866,3.983
bed1,615,15.530,205.981,3.973
bed1,616,15.649,206.046,3.967
bed1,617,15.754,206.084,3.958
bed1,618,15.877,206.128,3.947
bed1,619,16.108,206.242,3.932
bed1,620,16.355,206.343,3.909
bed1,621,16.463,206.410,3.905
bed1,622,16.703,206.518,3.885
bed1,623,16.832,206.555,3.869
bed1,624,16.934,206.617,3.865
bed1,625,17.065,206.679,3.855
bed1,626,17.532,206.892,3.817
bed1,627,17.873,207.041,3.788
bed1,628,17.984,207.088,3.778
bed1,629,18.111,207.152,3.769
bed1,630,18.462,207.320,3.744
bed1,631,18.839,207.480,3.712
bed1,632,18.953,207.526,3.702
bed1,633,19.184,207.632,3.686
bed1,634,19.302,207.701,3.682
bed1,635,19.416,207.729,3.669
bed1,636,19.643,207.862,3.660
bed1,637,19.768,207.902,3.648
bed1,638,20.018,208.024,3.632
bed1,639,20.117,208.076,3.627
bed1,640,20.261,208.120,3.612
bed1,641,20.494,208.247,3.602
bed1,642,20.593,208.275,3.592
bed1,643,20.835,208.402,3.581
bed1,644,21.546,208.741,3.542
bed1,645,21.892,208.883,3.519
bed1,646,22.270,209.044,3.495
bed1,647,22.372,209.100,3.492
bed1,648,22.493,209.140,3.482
bed1,649,22.607,209.205,3.479
bed1,650,22.720,209.244,3.470
bed1,651,22.846,209.317,3.467
bed1,652,22.985,209.364,3.455
bed1,653,23.196,209.468,3.446
bed1,654,23.310,209.535,3.444
bed1,655,23.599,209.645,3.431
bed1,656,24.083,209.840,3.415
bed1,657,24.440,210.008,3.414
bed1,658,24.658,210.114,3.413
bed1,659,24.918,210.218,3.407
bed1,660,25.049,210.282,3.407
bed1,661,25.392,210.422,3.400
bed1,662,25.629,210.517,3.394
bed1,663,25.755,210.571,3.392
bed1,664,25.872,210.636,3.394
bed1,665,26.106,210.721,3.386
bed1,666,26.337,210.852,3.392
bed1,667,26.718,210.990,3.384
bed1,668,26.813,211.061,3.393
bed1,669,26.925,211.112,3.392
bed1,670,27.054,211.177,3.393
bed1,671,27.179,211.225,3.390
bed1,672,27.293,211.289,3.396
bed1,673,27.413,211.336,3.395
bed1,674,27.552,211.392,3.394
bed1,675,27.661,211.440,3.395
bed1,676,27.776,211.482,3.393
bed1,677,28.010,211.594,3.397
bed1,678,28.137,211.649,3.398
bed1,679,28.376,211.745,3.396
bed1,680,28.492,211.800,3.399
bed1,681,28.615,211.842,3.395
bed1,682,29.105,212.076,3.411
bed1,683,29.212,212.124,3.414
bed1,684,29.346,212.162,3.409
bed1,685,29.583,212.272,3.417
bed1,686,29.696,212.324,3.421
bed1,687,29.820,212.372,3.422
bed1,688,30.191,212.525,3.429
bed1,689,30.300,212.572,3.432
bed1,690,30.541,212.668,3.435
bed1,691,30.649,212.718,3.439
bed1,692,30.789,212.775,3.441
bed1,693,30.911,212.820,3.442
bed1,694,31.024,212.872,3.446
bed1,695,31.254,212.979,3.454
bed1,696,31.617,213.130,3.461
bed1,697,31.865,213.240,3.468
bed1,698,31.993,213.294,3.471
bed1,699,32.088,213.336,3.474
bed1,700,32.219,213.377,3.472
bed1,701,32.333,213.436,3.478
bed1,702,32.584,213.540,3.484
bed1,703,32.699,213.596,3.489
bed1,704,32.803,213.632,3.490
bed1,705,32.923,213.695,3.496
bed1,706,33.182,213.796,3.499
bed1,707,33.285,213.851,3.506
bed1,708,33.429,213.889,3.502
bed1,709,33.533,213.945,3.509
bed1,710,33.668,214.002,3.513
bed1,711,33.784,214.041,3.513
bed1,712,33.878,214.089,3.519
bed1,713,34.386,214.307,3.534
bed1,714,34.614,214.381,3.532
bed1,715,34.741,214.439,3.537
bed1,716,34.843,214.509,3.550
bed1,717,34.966,214.562,3.554
bed1,718,35.100,214.605,3.552
bed1,719,-10.494,195.089,4.359
bed1,720,-10.266,195.240,4.363
bed1,721,-10.141,195.278,4.352
bed1,722,-10.029,195.338,4.349
bed1,723,-9.660,195.489,4.329
bed1,724,-9.540,195.553,4.327
bed1,725,-9.432,195.598,4.321
bed1,726,-9.313,195.651,4.316
bed1,727,-9.188,195.698,4.308
bed1,728,-8.599,195.955,4.280
bed1,729,-8.458,195.996,4.268
bed1,730,-8.358,196.061,4.269
bed1,731,-7.987,196.228,4.254
bed1,732,-7.763,196.335,4.249
bed1,733,-7.518,196.457,4.246
bed1,734,-7.409,196.496,4.240
bed1,735,-7.258,196.552,4.233
bed1,736,-7.041,196.682,4.244
bed1,737,-6.658,196.797,4.230
bed1,738,-6.537,196.866,4.234
bed1,739,-6.414,196.912,4.233
bed1,740,-6.305,196.970,4.238
bed1,741,-6.070,197.062,4.238
bed1,742,-5.942,197.128,4.243
bed1,743,-5.829,197.173,4.243
bed1,744,-5.595,197.289,4.250
bed1,745,-5.467,197.340,4.250
bed1,746,-5.355,197.398,4.255
bed1,747,-5.253,197.452,4.259
bed1,748,-5.110,197.500,4.257
bed1,749,-5.003,197.546,4.258
bed1,750,-4.864,197.589,4.254
bed1,751,-4.757,197.648,4.260
bed1,752,-4.644,197.702,4.263
bed1,753,-4.411,197.784,4.260
bed1,754,-4.270,197.856,4.265
bed1,755,-3.917,197.991,4.264
bed1,756,-3.683,198.114,4.274
bed1,757,-3.557,198.145,4.268
bed1,758,-3.425,198.212,4.273
bed1,759,-3.324,198.252,4.273
bed1,760,-3.210,198.307,4.276
bed1,761,-3.073,198.369,4.279
bed1,762,-2.962,198.400,4.275
bed1,763,-2.728,198.513,4.281
bed1,764,-2.599,198.568,4.283
bed1,765,-2.484,198.625,4.287
bed1,766,-2.246,198.721,4.287
bed1,767,-2.124,198.762,4.285
bed1,768,-1.869,198.877,4.292
bed1,769,-1.773,198.934,4.299
bed1,770,-1.648,198.975,4.298
bed1,771,-1.386,199.077,4.300
bed1,772,-1.169,199.174,4.306
bed1,773,-0.911,199.271,4.307
bed1,774,-0.689,199.369,4.313
bed1,775,-0.561,199.434,4.320
bed1,776,-0.442,199.487,4.324
bed1,777,-0.321,199.543,4.329
bed1,778,-0.192,199.603,4.335
bed1,779,-0.084,199.624,4.331
bed1,780,0.038,199.678,4.335
bed1,781,0.152,199.733,4.341
bed1,782,0.282,199.809,4.353
bed1,783,0.406,199.830,4.347
bed1,784,0.767,199.970,4.357
bed1,785,0.881,200.040,4.369
bed1,786,1.014,200.101,4.376
bed1,787,1.113,200.151,4.382
bed1,788,1.247,200.199,4.385
bed1,789,1.358,200.249,4.390
bed1,790,1.482,200.291,4.392
bed1,791,1.600,200.347,4.399
bed1,792,1.698,200.402,4.407
bed1,793,1.838,200.436,4.404
bed1,794,1.954,200.476,4.406
bed1,795,2.083,200.540,4.414
bed1,796,2.194,200.578,4.415
bed1,797,2.318,200.636,4.422
bed1,798,2.434,200.677,4.424
bed1,799,2.662,200.795,4.441
bed1,800,2.928,200.888,4.445
bed1,801,3.041,200.931,4.447
bed1,802,3.158,200.977,4.451
bed1,803,3.278,201.036,4.458
bed1,804,3.401,201.090,4.462
bed1,805,3.515,201.146,4.468
bed1,806,3.613,201.188,4.471
bed1,807,3.759,201.235,4.470
bed1,808,3.870,201.303,4.481
bed1,809,4.098,201.396,4.487
bed1,810,4.472,201.542,4.494
bed1,811,4.586,201.598,4.500
bed1,812,4.690,201.639,4.502
bed1,813,5.427,201.950,4.524
bed1,814,5.545,201.990,4.522
bed1,815,5.904,202.136,4.522
bed1,816,6.136,202.239,4.525
bed1,817,6.253,202.293,4.526
bed1,818,6.487,202.392,4.520
bed1,819,6.615,202.445,4.517
bed1,820,6.738,202.492,4.512
bed1,821,6.854,202.551,4.512
bed1,822,6.979,202.594,4.506
bed1,823,7.089,202.667,4.511
bed1,824,7.332,202.754,4.500
bed1,825,7.796,202.977,4.495
bed1,826,8.151,203.131,4.481
bed1,827,8.279,203.176,4.473
bed1,828,8.387,203.234,4.473
bed1,829,8.502,203.290,4.470
bed1,830,8.979,203.507,4.455
bed1,831,9.102,203.557,4.449
bed1,832,9.214,203.602,4.444
bed1,833,9.452,203.706,4.435
bed1,834,9.585,203.760,4.428
bed1,835,9.693,203.810,4.425
bed1,836,9.816,203.859,4.419
bed1,837,10.047,203.972,4.415
bed1,838,10.167,204.032,4.413
bed1,839,10.421,204.122,4.396
bed1,840,10.519,204.177,4.397
bed1,841,10.637,204.222,4.390
bed1,842,10.988,204.385,4.375
bed1,843,11.107,204.457,4.375
bed1,844,11.461,204.595,4.350
bed1,845,11.569,204.672,4.352
bed1,846,11.713,204.710,4.334
bed1,847,11.799,204.775,4.336
bed1,848,11.937,204.806,4.318
bed1,849,12.171,204.923,4.306
bed1,850,12.291,204.970,4.295
bed1,851,12.427,205.016,4.282
bed1,852,12.646,205.144,4.277
bed1,853,13.128,205.333,4.238
bed1,854,13.242,205.408,4.238
bed1,855,13.355,205.459,4.231
bed1,856,13.483,205.489,4.215
bed1,857,13.602,205.550,4.210
bed1,858,13.956,205.726,4.193
bed1,859,14.085,205.763,4.179
bed1,860,14.196,205.846,4.182
bed1,861,14.308,205.866,4.167
bed1,862,14.786,206.100,4.142
bed1,863,14.898,206.153,4.137
bed1,864,15.254,206.293,4.107
bed1,865,15.350,206.345,4.102
bed1,866,15.489,206.402,4.090
bed1,867,15.732,206.516,4.074
bed1,868,15.837,206.564,4.066
bed1,869,16.079,206.688,4.050
bed1,870,16.309,206.801,4.033
bed1,871,16.530,206.884,4.011
bed1,872,16.778,207.009,3.994
bed1,873,16.900,207.050,3.980
bed1,874,17.248,207.196,3.949
bed1,875,17.357,207.270,3.946
bed1,876,17.611,207.374,3.923
bed1,877,17.712,207.437,3.919
bed1,878,17.839,207.469,3.902
bed1,879,18.066,207.591,3.888
bed1,880,18.178,207.627,3.875
bed1,881,18.288,207.700,3.872
bed1,882,18.425,207.739,3.855
bed1,883,18.540,207.817,3.852
bed1,884,18.662,207.863,3.840
bed1,885,19.134,208.057,3.801
bed1,886,19.253,208.120,3.795
bed1,887,19.366,208.178,3.789
bed1,888,19.487,208.224,3.778
bed1,889,19.714,208.346,3.768
bed1,890,19.842,208.406,3.759
bed1,891,20.187,208.562,3.735
bed1,892,20.321,208.594,3.720
bed1,893,20.440,208.671,3.719
bed1,894,20.555,208.733,3.715
bed1,895,20.679,208.782,3.706
bed1,896,20.928,208.869,3.686
bed1,897,21.032,208.943,3.687
bed1,898,21.271,209.043,3.671
bed1,899,21.385,209.098,3.666
bed1,900,21.504,209.158,3.661
bed1,901,21.743,209.265,3.648
bed1,902,22.221,209.466,3.617
bed1,903,22.443,209.579,3.608
bed1,904,22.816,209.729,3.583
bed1,905,22.929,209.796,3.581
bed1,906,23.051,209.834,3.569
bed1,907,23.157,209.907,3.570
bed1,908,23.309,209.958,3.561
bed1,909,23.427,210.013,3.559
bed1,910,24.039,210.285,3.546
bed1,911,24.159,210.326,3.541
bed1,912,24.278,210.386,3.542
bed1,913,24.625,210.533,3.536
bed1,914,24.760,210.609,3.539
bed1,915,24.872,210.663,3.539
bed1,916,24.988,210.704,3.534
bed1,917,25.106,210.752,3.531
bed1,918,25.219,210.817,3.534
bed1,919,25.337,210.854,3.529
bed1,920,25.575,210.988,3.536
bed1,921,25.821,211.090,3.533
bed1,922,25.953,211.110,3.521
bed1,923,26.076,211.150,3.517
bed1,924,26.540,211.392,3.529
bed1,925,26.676,211.445,3.528
bed1,926,26.793,211.498,3.529
bed1,927,26.899,211.544,3.530
bed1,928,27.026,211.597,3.530
bed1,929,27.139,211.652,3.532
bed1,930,27.252,211.718,3.538
bed1,931,27.615,211.868,3.538
bed1,932,27.729,211.921,3.539
bed1,933,27.856,211.978,3.540
bed1,934,28.103,212.074,3.538
bed1,935,28.332,212.163,3.536
bed1,936,28.481,212.228,3.537
bed1,937,28.703,212.321,3.541
bed1,938,28.814,212.373,3.544
bed1,939,28.941,212.446,3.553
bed1,940,29.052,212.469,3.547
bed1,941,29.412,212.630,3.557
bed1,942,29.540,212.687,3.561
bed1,943,29.677,212.743,3.564
bed1,944,29.776,212.785,3.566
bed1,945,30.022,212.895,3.573
bed1,946,30.139,212.948,3.577
bed1,947,30.274,212.996,3.577
bed1,948,30.376,213.024,3.574
bed1,949,30.498,213.097,3.584
bed1,950,30.615,213.150,3.588
bed1,951,30.742,213.206,3.592
bed1,952,30.869,213.242,3.588
bed1,953,30.972,213.304,3.597
bed1,954,31.329,213.455,3.605
bed1,955,31.463,213.515,3.609
bed1,956,31.692,213.609,3.614
bed1,957,31.821,213.651,3.613
bed1,958,31.944,213.696,3.614
bed1,959,32.290,213.867,3.631
bed1,960,32.539,213.960,3.634
bed1,961,32.649,214.016,3.640
bed1,962,32.770,214.068,3.644
bed1,963,32.884,214.114,3.646
bed1,964,33.019,214.171,3.650
bed1,965,33.135,214.223,3.654
bed1,966,33.248,214.270,3.657
bed1,967,33.372,214.327,3.663
bed1,968,33.489,214.343,3.654
bed1,969,33.627,214.400,3.657
bed1,970,33.739,214.464,3.666
bed1,971,33.850,214.519,3.672
bed1,972,33.976,214.574,3.676
bed1,973,34.087,214.604,3.674
bed1,974,34.228,214.677,3.682
bed1,975,34.326,214.714,3.684
bed1,976,34.445,214.763,3.686
bed1,977,34.582,214.817,3.689
bed1,978,34.808,214.903,3.692
bed1,979,34.943,214.974,3.700
bed1,980,-10.798,195.452,4.520
bed1,981,-10.418,195.600,4.495
bed1,982,-10.196,195.717,4.489
bed1,983,-10.070,195.764,4.480
bed1,984,-9.946,195.824,4.475
bed1,985,-9.825,195.879,4.470
bed1,986,-9.723,195.930,4.466
bed1,987,-9.597,195.972,4.456
bed1,988,-9.488,196.039,4.456
bed1,989,-9.247,196.151,4.445
bed1,990,-9.125,196.193,4.435
bed1,991,-9.005,196.245,4.429
bed1,992,-8.755,196.350,4.419
bed1,993,-8.651,196.421,4.424
bed1,994,-8.544,196.494,4.427
bed1,995,-8.167,196.654,4.407
bed1,996,-7.809,196.809,4.397
bed1,997,-7.691,196.861,4.394
bed1,998,-7.443,196.972,4.388
bed1,999,-7.071,197.125,4.386
bed1,1000,-6.954,197.154,4.380
bed1,1001,-6.592,197.316,4.386
bed1,1002,-6.483,197.372,4.390
bed1,1003,-6.237,197.467,4.389
bed1,1004,-5.995,197.576,4.393
bed1,1005,-5.873,197.620,4.392
bed1,1006,-5.759,197.668,4.393
bed1,1007,-5.647,197.728,4.397
bed1,1008,-5.273,197.882,4.400
bed1,1009,-5.178,197.926,4.402
bed1,1010,-4.922,198.024,4.400
bed1,1011,-4.435,198.227,4.404
bed1,1012,-4.323,198.265,4.401
bed1,1013,-4.212,198.324,4.406
bed1,1014,-3.715,198.535,4.411
bed1,1015,-3.594,198.585,4.412
bed1,1016,-3.356,198.677,4.411
bed1,1017,-3.127,198.779,4.415
bed1,1018,-3.002,198.826,4.414
bed1,1019,-2.638,198.987,4.420
bed1,1020,-2.150,199.193,4.425
bed1,1021,-2.048,199.246,4.429
bed1,1022,-1.804,199.347,4.432
bed1,1023,-1.682,199.395,4.433
bed1,1024,-1.554,199.440,4.432
bed1,1025,-1.308,199.544,4.439
bed1,1026,-1.195,199.590,4.442
bed1,1027,-1.083,199.658,4.453
bed1,1028,-0.962,199.711,4.456
bed1,1029,-0.841,199.765,4.460
bed1,1030,-0.595,199.850,4.461
bed1,1031,-0.497,199.904,4.469
bed1,1032,-0.371,199.968,4.478
bed1,1033,-0.244,200.004,4.476
bed1,1034,-0.121,200.052,4.480
bed1,1035,0.004,200.110,4.487
bed1,1036,0.228,200.213,4.499
bed1,1037,0.359,200.273,4.506
bed1,1038,0.466,200.314,4.508
bed1,1039,0.596,200.367,4.513
bed1,1040,0.723,200.399,4.510
bed1,1041,1.198,200.593,4.527
bed1,1042,1.313,200.661,4.538
bed1,1043,1.448,200.703,4.539
bed1,1044,1.703,200.807,4.547
bed1,1045,1.793,200.858,4.556
bed1,1046,1.924,200.894,4.554
bed1,1047,2.039,200.953,4.562
bed1,1048,2.156,201.017,4.572
bed1,1049,2.285,201.063,4.574
bed1,1050,2.419,201.101,4.573
bed1,1051,2.527,201.161,4.582
bed1,1052,2.629,201.212,4.589
bed1,1053,2.764,201.258,4.591
bed1,1054,2.981,201.344,4.597
bed1,1055,3.112,201.401,4.603
bed1,1056,3.231,201.463,4.612
bed1,1057,3.951,201.759,4.634
bed1,1058,4.059,201.799,4.636
bed1,1059,4.185,201.859,4.642
bed1,1060,4.443,201.954,4.644
bed1,1061,4.564,201.995,4.644
bed1,1062,4.665,202.061,4.656
bed1,1063,4.786,202.107,4.657
bed1,1064,4.912,202.166,4.663
bed1,1065,5.146,202.256,4.667
bed1,1066,5.265,202.314,4.673
bed1,1067,5.586,202.454,4.669
bed1,1068,5.867,202.551,4.659
bed1,1069,6.083,202.663,4.662
bed1,1070,6.209,202.698,4.654
bed1,1071,6.317,202.763,4.657
bed1,1072,6.444,202.829,4.658
bed1,1073,6.563,202.858,4.648
bed1,1074,6.692,202.921,4.648
bed1,1075,6.937,203.009,4.637
bed1,1076,7.168,203.138,4.641
bed1,1077,7.302,203.193,4.637
bed1,1078,7.413,203.229,4.631
bed1,1079,7.528,203.291,4.632
bed1,1080,7.651,203.357,4.633
bed1,1081,7.761,203.384,4.625
bed1,1082,7.863,203.455,4.630
bed1,1083,8.590,203.776,4.612
bed1,1084,8.827,203.871,4.601
bed1,1085,8.939,203.909,4.593
bed1,1086,9.293,204.079,4.585
bed1,1087,9.772,204.296,4.569
bed1,1088,10.016,204.401,4.560
bed1,1089,10.141,204.459,4.556
bed1,1090,10.246,204.504,4.552
bed1,1091,10.368,204.546,4.544
bed1,1092,10.836,204.756,4.524
bed1,1093,10.961,204.820,4.521
bed1,1094,11.192,204.926,4.511
bed1,1095,11.313,204.982,4.503
bed1,1096,11.430,205.042,4.498
bed1,1097,11.553,205.088,4.487
bed1,1098,11.653,205.136,4.481
bed1,1099,11.777,205.204,4.477
bed1,1100,11.896,205.254,4.467
bed1,1101,12.135,205.359,4.451
bed1,1102,12.254,205.416,4.444
bed1,1103,12.360,205.458,4.435
bed1,1104,12.508,205.518,4.423
bed1,1105,12.951,205.721,4.394
bed1,1106,13.072,205.786,4.390
bed1,1107,13.191,205.829,4.378
bed1,1108,13.433,205.944,4.364
bed1,1109,13.653,206.048,4.351
bed1,1110,13.781,206.114,4.345
bed1,1111,13.909,206.145,4.328
bed1,1112,14.007,206.205,4.326
bed1,1113,14.383,206.379,4.303
bed1,1114,14.505,206.436,4.296
bed1,1115,14.713,206.538,4.285
bed1,1116,14.848,206.596,4.275
bed1,1117,15.419,206.848,4.227
bed1,1118,15.554,206.923,4.220
bed1,1119,15.655,206.956,4.208
bed1,1120,15.892,207.085,4.193
bed1,1121,16.020,207.122,4.176
bed1,1122,16.486,207.334,4.137
bed1,1123,16.589,207.388,4.129
bed1,1124,16.733,207.434,4.111
bed1,1125,16.848,207.491,4.103
bed1,1126,16.961,207.551,4.097
bed1,1127,17.207,207.659,4.075
bed1,1128,17.541,207.805,4.044
bed1,1129,17.669,207.861,4.033
bed1,1130,17.808,207.905,4.017
bed1,1131,17.905,207.977,4.016
bed1,1132,18.371,208.166,3.973
bed1,1133,18.498,208.220,3.962
bed1,1134,18.614,208.286,3.956
bed1,1135,18.726,208.340,3.948
bed1,1136,18.860,208.404,3.939
bed1,1137,18.987,208.450,3.926
bed1,1138,19.196,208.565,3.916
bed1,1139,19.457,208.671,3.896
bed1,1140,19.583,208.719,3.886
bed1,1141,19.697,208.800,3.887
bed1,1142,19.791,208.841,3.881
bed1,1143,19.922,208.871,3.865
bed1,1144,20.035,208.954,3.866
bed1,1145,20.165,208.995,3.854
bed1,1146,20.402,209.097,3.839
bed1,1147,20.507,209.152,3.835
bed1,1148,20.643,209.204,3.825
bed1,1149,20.772,209.263,3.819
bed1,1150,20.983,209.377,3.812
bed1,1151,21.212,209.481,3.799
bed1,1152,21.353,209.520,3.785
bed1,1153,21.470,209.589,3.783
bed1,1154,21.812,209.757,3.768
bed1,1155,22.414,210.009,3.729
bed1,1156,22.651,210.129,3.719
bed1,1157,22.882,210.225,3.704
bed1,1158,23.005,210.274,3.696
bed1,1159,23.153,210.358,3.696
bed1,1160,23.277,210.387,3.686
bed1,1161,23.615,210.552,3.681
bed1,1162,23.869,210.652,3.672
bed1,1163,24.000,210.707,3.669
bed1,1164,24.118,210.746,3.664
bed1,1165,24.242,210.808,3.665
bed1,1166,24.722,211.018,3.661
bed1,1167,24.939,211.149,3.672
bed1,1168,25.065,211.206,3.671
bed1,1169,25.297,211.297,3.666
bed1,1170,25.433,211.363,3.668
bed1,1171,25.539,211.422,3.673
bed1,1172,25.672,211.463,3.668
bed1,1173,25.789,211.513,3.668
bed1,1174,26.027,211.624,3.672
bed1,1175,26.392,211.765,3.668
bed1,1176,26.497,211.836,3.677
bed1,1177,26.619,211.876,3.673
bed1,1178,26.732,211.926,3.674
bed1,1179,26.980,212.021,3.671
bed1,1180,27.225,212.131,3.674
bed1,1181,27.334,212.165,3.670
bed1,1182,27.451,212.233,3.676
bed1,1183,27.581,212.302,3.681
bed1,1184,27.699,212.343,3.678
bed1,1185,27.819,212.379,3.674
bed1,1186,27.920,212.433,3.678
bed1,1187,28.070,212.484,3.675
bed1,1188,28.171,212.559,3.685
bed1,1189,28.445,212.644,3.678
bed1,1190,28.547,212.715,3.689
bed1,1191,28.656,212.750,3.688
bed1,1192,28.895,212.856,3.695
bed1,1193,29.027,212.905,3.696
bed1,1194,29.160,212.955,3.697
bed1,1195,29.257,213.001,3.701
bed1,1196,29.518,213.105,3.704
bed1,1197,29.752,213.224,3.716
bed1,1198,29.882,213.277,3.718
bed1,1199,29.979,213.324,3.723
bed1,1200,30.461,213.521,3.731
bed1,1201,30.707,213.627,3.738
bed1,1202,30.823,213.674,3.741
bed1,1203,30.949,213.728,3.745
bed1,1204,31.194,213.810,3.743
bed1,1205,31.303,213.885,3.756
bed1,1206,31.534,213.971,3.758
bed1,1207,31.774,214.069,3.764
bed1,1208,31.911,214.132,3.769
bed1,1209,32.020,214.187,3.775
bed1,1210,32.144,214.225,3.774
bed1,1211,32.252,214.280,3.780
bed1,1212,32.383,214.328,3.781
bed1,1213,32.502,214.387,3.788
bed1,1214,32.622,214.439,3.792
bed1,1215,32.745,214.475,3.790
bed1,1216,32.870,214.543,3.798
bed1,1217,33.346,214.733,3.808
bed1,1218,33.820,214.929,3.819
bed1,1219,33.942,214.993,3.827
bed1,1220,34.066,215.032,3.826
bed1,1221,34.170,215.077,3.829
bed1,1222,34.291,215.129,3.833
bed1,1223,34.538,215.236,3.841
bed1,1224,34.771,215.333,3.846
bed1,1225,-11.054,195.769,4.662
bed1,1226,-10.932,195.837,4.660
bed1,1227,-10.822,195.873,4.651
bed1,1228,-10.583,195.967,4.635
bed1,1229,-10.472,196.039,4.636
bed1,1230,-10.232,196.139,4.622
bed1,1231,-9.981,196.244,4.608
bed1,1232,-9.880,196.303,4.607
bed1,1233,-9.726,196.347,4.595
bed1,1234,-9.631,196.406,4.598
bed1,1235,-9.375,196.511,4.590
bed1,1236,-9.278,196.589,4.598
bed1,1237,-9.178,196.649,4.599
bed1,1238,-9.044,196.696,4.589
bed1,1239,-8.800,196.812,4.586
bed1,1240,-8.688,196.871,4.587
bed1,1241,-8.560,196.922,4.582
bed1,1242,-8.457,196.986,4.586
bed1,1243,-8.334,197.031,4.579
bed1,1244,-8.199,197.090,4.576
bed1,1245,-8.096,197.132,4.572
bed1,1246,-7.734,197.280,4.559
bed1,1247,-7.611,197.341,4.559
bed1,1248,-7.252,197.511,4.557
bed1,1249,-7.133,197.543,4.547
bed1,1250,-7.015,197.606,4.549
bed1,1251,-6.878,197.644,4.540
bed1,1252,-6.527,197.793,4.542
bed1,1253,-6.400,197.840,4.540
bed1,1254,-6.290,197.896,4.545
bed1,1255,-6.152,197.949,4.544
bed1,1256,-6.029,198.015,4.549
bed1,1257,-5.676,198.144,4.545
bed1,1258,-5.568,198.211,4.553
bed1,1259,-5.432,198.257,4.550
bed1,1260,-5.189,198.353,4.549
bed1,1261,-5.073,198.396,4.547
bed1,1262,-4.845,198.499,4.551
bed1,1263,-4.609,198.595,4.551
bed1,1264,-4.468,198.678,4.560
bed1,1265,-4.130,198.811,4.559
bed1,1266,-4.002,198.866,4.560
bed1,1267,-3.876,198.917,4.561
bed1,1268,-3.770,198.951,4.557
bed1,1269,-3.644,199.020,4.564
bed1,1270,-3.524,199.063,4.562
bed1,1271,-3.413,199.125,4.568
bed1,1272,-3.290,199.156,4.561
bed1,1273,-3.170,199.226,4.569
bed1,1274,-2.930,199.311,4.565
bed1,1275,-2.699,199.408,4.566
bed1,1276,-2.570,199.468,4.569
bed1,1277,-2.442,199.519,4.569
bed1,1278,-2.319,199.568,4.570
bed1,1279,-1.740,199.833,4.590
bed1,1280,-1.357,199.996,4.601
bed1,1281,-1.121,200.088,4.606
bed1,1282,-0.891,200.183,4.614
bed1,1283,-0.772,200.239,4.619
bed1,1284,-0.633,200.305,4.627
bed1,1285,-0.522,200.344,4.627
bed1,1286,-0.396,200.386,4.627
bed1,1287,0.088,200.575,4.639
bed1,1288,0.559,200.786,4.663
bed1,1289,0.808,200.884,4.670
bed1,1290,0.914,200.936,4.677
bed1,1291,1.134,201.029,4.686
bed1,1292,1.279,201.077,4.687
bed1,1293,1.407,201.138,4.694
bed1,1294,1.523,201.175,4.695
bed1,1295,1.642,201.222,4.698
bed1,1296,1.771,201.291,4.708
bed1,1297,1.878,201.338,4.713
bed1,1298,2.004,201.388,4.717
bed1,1299,2.232,201.479,4.724
bed1,1300,2.963,201.770,4.747
bed1,1301,3.083,201.825,4.754
bed1,1302,3.197,201.877,4.760
bed1,1303,3.324,201.944,4.769
bed1,1304,3.436,201.974,4.768
bed1,1305,3.687,202.070,4.774
bed1,1306,3.795,202.139,4.786
bed1,1307,4.148,202.287,4.798
bed1,1308,4.269,202.324,4.798
bed1,1309,4.614,202.475,4.806
bed1,1310,4.744,202.535,4.810
bed1,1311,4.983,202.625,4.810
bed1,1312,5.105,202.674,4.812
bed1,1313,5.332,202.777,4.810
bed1,1314,5.811,202.995,4.803
bed1,1315,5.929,203.038,4.798
bed1,1316,6.045,203.086,4.795
bed1,1317,6.302,203.199,4.790
bed1,1318,6.412,203.248,4.788
bed1,1319,6.649,203.353,4.784
bed1,1320,6.999,203.498,4.774
bed1,1321,7.234,203.591,4.767
bed1,1322,7.363,203.656,4.767
bed1,1323,7.468,203.723,4.771
bed1,1324,7.588,203.755,4.762
bed1,1325,7.714,203.805,4.758
bed1,1326,7.953,203.910,4.753
bed1,1327,8.201,204.024,4.750
bed1,1328,8.303,204.068,4.748
bed1,1329,8.441,204.105,4.738
bed1,1330,8.671,204.218,4.737
bed1,1331,9.026,204.395,4.734
bed1,1332,9.144,204.444,4.729
bed1,1333,9.253,204.500,4.728
bed1,1334,9.731,204.715,4.713
bed1,1335,10.100,204.878,4.700
bed1,1336,10.202,204.919,4.695
bed1,1337,10.575,205.094,4.682
bed1,1338,10.803,205.192,4.671
bed1,1339,11.036,205.296,4.661
bed1,1340,11.155,205.343,4.651
bed1,1341,11.500,205.496,4.627
bed1,1342,11.736,205.616,4.616
bed1,1343,11.977,205.725,4.600
bed1,1344,12.103,205.777,4.590
bed1,1345,12.217,205.829,4.583
bed1,1346,12.443,205.942,4.571
bed1,1347,12.567,205.992,4.561
bed1,1348,12.691,206.044,4.551
bed1,1349,12.799,206.111,4.550
bed1,1350,12.928,206.156,4.537
bed1,1351,13.159,206.275,4.526
bed1,1352,13.260,206.317,4.518
bed1,1353,13.387,206.375,4.510
bed1,1354,13.509,206.430,4.502
bed1,1355,13.858,206.583,4.479
bed1,1356,13.976,206.643,4.473
bed1,1357,14.089,206.687,4.464
bed1,1358,14.203,206.754,4.461
bed1,1359,14.696,206.971,4.428
bed1,1360,15.275,207.236,4.382
bed1,1361,15.601,207.407,4.362
bed1,1362,15.725,207.450,4.346
bed1,1363,15.857,207.520,4.337
bed1,1364,15.974,207.564,4.323
bed1,1365,16.074,207.617,4.317
bed1,1366,16.197,207.672,4.305
bed1,1367,16.306,207.722,4.295
bed1,1368,16.432,207.778,4.283
bed1,1369,16.773,207.933,4.253
bed1,1370,17.014,208.045,4.231
bed1,1371,17.260,208.161,4.210
bed1,1372,17.371,208.224,4.204
bed1,1373,17.473,208.267,4.194
bed1,1374,17.620,208.319,4.176
bed1,1375,18.075,208.515,4.132
bed1,1376,18.327,208.642,4.113
bed1,1377,18.435,208.689,4.104
bed1,1378,18.563,208.737,4.091
bed1,1379,18.679,208.791,4.081
bed1,1380,18.788,208.853,4.077
bed1,1381,19.029,208.955,4.055
bed1,1382,19.267,209.052,4.035
bed1,1383,19.398,209.122,4.029
bed1,1384,19.511,209.163,4.019
bed1,1385,19.621,209.220,4.013
bed1,1386,19.752,209.278,4.004
bed1,1387,19.883,209.313,3.989
bed1,1388,20.114,209.434,3.980
bed1,1389,20.347,209.530,3.965
bed1,1390,20.469,209.590,3.960
bed1,1391,20.596,209.642,3.951
bed1,1392,20.696,209.692,3.947
bed1,1393,20.826,209.732,3.935
bed1,1394,20.936,209.803,3.935
bed1,1395,21.535,210.072,3.901
bed1,1396,21.662,210.123,3.892
bed1,1397,21.768,210.169,3.886
bed1,1398,21.897,210.226,3.878
bed1,1399,22.009,210.282,3.874
bed1,1400,22.122,210.316,3.863
bed1,1401,22.368,210.438,3.852
bed1,1402,22.477,210.485,3.846
bed1,1403,22.719,210.599,3.833
bed1,1404,23.110,210.769,3.817
bed1,1405,23.226,210.807,3.810
bed1,1406,23.324,210.880,3.815
bed1,1407,23.575,210.962,3.800
bed1,1408,23.735,211.034,3.798
bed1,1409,24.081,211.197,3.801
bed1,1410,24.442,211.349,3.797
bed1,1411,24.552,211.414,3.803
bed1,1412,24.681,211.468,3.803
bed1,1413,24.799,211.522,3.804
bed1,1414,24.921,211.568,3.803
bed1,1415,25.020,211.627,3.808
bed1,1416,25.263,211.732,3.809
bed1,1417,26.102,212.096,3.813
bed1,1418,26.210,212.148,3.815
bed1,1419,26.350,212.206,3.814
bed1,1420,26.462,212.250,3.814
bed1,1421,26.593,212.290,3.809
bed1,1422,26.934,212.448,3.814
bed1,1423,27.069,212.511,3.816
bed1,1424,27.182,212.546,3.812
bed1,1425,27.307,212.600,3.812
bed1,1426,27.549,212.712,3.817
bed1,1427,27.661,212.766,3.820
bed1,1428,27.773,212.807,3.819
bed1,1429,27.905,212.864,3.820
bed1,1430,28.018,212.910,3.821
bed1,1431,28.140,212.981,3.828
bed1,1432,28.387,213.078,3.831
bed1,1433,28.514,213.116,3.828
bed1,1434,28.737,213.226,3.838
bed1,1435,28.848,213.276,3.842
bed1,1436,28.982,213.323,3.841
bed1,1437,29.118,213.378,3.844
bed1,1438,29.352,213.493,3.855
bed1,1439,29.585,213.581,3.856
bed1,1440,29.712,213.637,3.860
bed1,1441,29.839,213.685,3.862
bed1,1442,30.189,213.842,3.875
bed1,1443,30.287,213.885,3.878
bed1,1444,30.659,214.029,3.884
bed1,1445,30.903,214.145,3.895
bed1,1446,31.144,214.245,3.901
bed1,1447,31.251,214.290,3.904
bed1,1448,31.630,214.447,3.913
bed1,1449,31.856,214.544,3.920
bed1,1450,31.978,214.602,3.926
bed1,1451,32.580,214.858,3.943
bed1,1452,32.699,214.879,3.936
bed1,1453,32.815,214.955,3.949
bed1,1454,33.182,215.099,3.955
bed1,1455,33.292,215.158,3.963
bed1,1456,33.425,215.213,3.966
bed1,1457,33.542,215.258,3.968
bed1,1458,33.674,215.295,3.965
bed1,1459,33.777,215.345,3.970
bed1,1460,33.906,215.410,3.977
bed1,1461,34.011,215.456,3.981
bed1,1462,34.118,215.499,3.983
bed1,1463,34.373,215.600,3.988
bed1,1464,34.490,215.661,3.995
bed1,1465,34.608,215.710,3.998
bed1,1466,-11.242,196.176,4.828
bed1,1467,-11.127,196.220,4.820
bed1,1468,-11.003,196.275,4.813
bed1,1469,-10.742,196.397,4.802
bed1,1470,-10.504,196.509,4.800
bed1,1471,-10.168,196.657,4.791
bed1,1472,-10.044,196.695,4.782
bed1,1473,-9.925,196.749,4.780
bed1,1474,-9.685,196.862,4.777
bed1,1475,-9.555,196.925,4.776
bed1,1476,-9.432,196.958,4.765
bed1,1477,-9.322,197.025,4.769
bed1,1478,-9.207,197.069,4.764
bed1,1479,-9.082,197.141,4.767
bed1,1480,-8.975,197.188,4.765
bed1,1481,-8.848,197.232,4.757
bed1,1482,-8.722,197.295,4.757
bed1,1483,-8.475,197.394,4.747
bed1,1484,-8.373,197.450,4.748
bed1,1485,-8.257,197.477,4.737
bed1,1486,-8.015,197.602,4.738
bed1,1487,-7.905,197.650,4.735
bed1,1488,-7.427,197.855,4.721
bed1,1489,-7.190,197.967,4.718
bed1,1490,-7.060,198.026,4.716
bed1,1491,-6.815,198.110,4.702
bed1,1492,-6.687,198.170,4.703
bed1,1493,-6.443,198.264,4.697
bed1,1494,-6.322,198.300,4.691
bed1,1495,-6.081,198.411,4.695
bed1,1496,-5.850,198.504,4.695
bed1,1497,-5.716,198.574,4.700
bed1,1498,-5.609,198.615,4.699
bed1,1499,-5.483,198.671,4.701
bed1,1500,-5.120,198.828,4.705
bed1,1501,-5.003,198.876,4.705
bed1,1502,-4.871,198.929,4.705
bed1,1503,-4.764,198.982,4.708
bed1,1504,-4.645,199.030,4.708
bed1,1505,-4.515,199.090,4.711
bed1,1506,-4.399,199.118,4.704
bed1,1507,-4.286,199.170,4.706
bed1,1508,-4.174,199.234,4.713
bed1,1509,-3.926,199.333,4.712
bed1,1510,-3.809,199.381,4.713
bed1,1511,-3.696,199.452,4.722
bed1,1512,-3.566,199.484,4.715
bed1,1513,-3.450,199.539,4.718
bed1,1514,-3.317,199.586,4.715
bed1,1515,-3.201,199.647,4.722
bed1,1516,-3.093,199.687,4.723
bed1,1517,-2.966,199.758,4.731
bed1,1518,-2.868,199.809,4.736
bed1,1519,-2.245,200.054,4.742
bed1,1520,-2.146,200.117,4.755
bed1,1521,-1.997,200.181,4.762
bed1,1522,-1.891,200.223,4.765
bed1,1523,-1.777,200.266,4.767
bed1,1524,-1.650,200.323,4.774
bed1,1525,-1.534,200.360,4.773
bed1,1526,-1.291,200.465,4.784
bed1,1527,-0.934,200.616,4.798
bed1,1528,-0.702,200.714,4.806
bed1,1529,-0.588,200.768,4.813
bed1,1530,-0.336,200.873,4.821
bed1,1531,-0.195,200.920,4.820
bed1,1532,-0.101,200.956,4.821
bed1,1533,0.033,201.013,4.826
bed1,1534,0.273,201.119,4.836
bed1,1535,0.385,201.168,4.841
bed1,1536,0.629,201.256,4.842
bed1,1537,0.755,201.324,4.853
bed1,1538,1.233,201.517,4.864
bed1,1539,1.351,201.575,4.872
bed1,1540,1.477,201.616,4.871
bed1,1541,1.580,201.670,4.879
bed1,1542,1.706,201.708,4.876
bed1,1543,1.942,201.820,4.890
bed1,1544,2.062,201.860,4.889
bed1,1545,2.554,202.060,4.902
bed1,1546,2.659,202.117,4.911
bed1,1547,2.900,202.208,4.914
bed1,1548,3.029,202.258,4.917
bed1,1549,3.266,202.368,4.931
bed1,1550,3.389,202.410,4.931
bed1,1551,3.518,202.454,4.932
bed1,1552,3.623,202.500,4.936
bed1,1553,3.753,202.566,4.945
bed1,1554,3.857,202.597,4.944
bed1,1555,3.994,202.643,4.945
bed1,1556,4.230,202.751,4.957
bed1,1557,4.342,202.793,4.953
bed1,1558,4.580,202.893,4.951
bed1,1559,4.718,202.945,4.949
bed1,1560,4.821,202.993,4.950
bed1,1561,5.056,203.090,4.947
bed1,1562,5.202,203.151,4.943
bed1,1563,5.644,203.366,4.941
bed1,1564,5.919,203.460,4.926
bed1,1565,6.018,203.521,4.930
bed1,1566,6.361,203.666,4.921
bed1,1567,6.491,203.719,4.918
bed1,1568,6.725,203.820,4.912
bed1,1569,6.847,203.869,4.909
bed1,1570,6.963,203.936,4.911
bed1,1571,7.070,203.975,4.907
bed1,1572,7.553,204.184,4.896
bed1,1573,7.687,204.232,4.890
bed1,1574,7.792,204.292,4.893
bed1,1575,7.922,204.335,4.886
bed1,1576,8.042,204.380,4.881
bed1,1577,8.160,204.445,4.883
bed1,1578,8.246,204.503,4.887
bed1,1579,8.521,204.609,4.877
bed1,1580,8.878,204.758,4.868
bed1,1581,8.992,204.823,4.870
bed1,1582,9.240,204.920,4.862
bed1,1583,9.337,204.968,4.861
bed1,1584,9.581,205.080,4.858
bed1,1585,9.693,205.122,4.852
bed1,1586,9.803,205.183,4.852
bed1,1587,9.939,205.234,4.844
bed1,1588,10.051,205.299,4.845
bed1,1589,10.168,205.356,4.843
bed1,1590,10.285,205.405,4.837
bed1,1591,10.394,205.442,4.829
bed1,1592,10.764,205.612,4.814
bed1,1593,10.891,205.656,4.805
bed1,1594,11.003,205.717,4.801
bed1,1595,11.229,205.826,4.788
bed1,1596,11.578,205.984,4.765
bed1,1597,11.691,206.028,4.756
bed1,1598,11.840,206.096,4.746
bed1,1599,11.938,206.142,4.740
bed1,1600,12.410,206.368,4.713
bed1,1601,12.525,206.420,4.706
bed1,1602,12.643,206.466,4.696
bed1,1603,12.985,206.638,4.680
bed1,1604,13.125,206.668,4.660
bed1,1605,13.575,206.900,4.641
bed1,1606,13.811,207.014,4.628
bed1,1607,13.941,207.062,4.616
bed1,1608,14.051,207.106,4.608
bed1,1609,14.182,207.154,4.596
bed1,1610,14.293,207.224,4.595
bed1,1611,14.418,207.263,4.581
bed1,1612,14.530,207.340,4.583
bed1,1613,14.652,207.370,4.566
bed1,1614,14.750,207.433,4.564
bed1,1615,15.006,207.533,4.539
bed1,1616,15.350,207.720,4.521
bed1,1617,15.454,207.762,4.509
bed1,1618,15.576,207.822,4.500
bed1,1619,15.690,207.884,4.492
bed1,1620,15.805,207.931,4.480
bed1,1621,16.026,208.027,4.459
bed1,1622,16.159,208.088,4.447
bed1,1623,16.276,208.145,4.437
bed1,1624,16.390,208.187,4.424
bed1,1625,16.638,208.320,4.408
bed1,1626,16.745,208.359,4.395
bed1,1627,16.866,208.411,4.384
bed1,1628,17.095,208.525,4.366
bed1,1629,17.210,208.615,4.369
bed1,1630,17.558,208.761,4.334
bed1,1631,18.024,208.960,4.290
bed1,1632,18.140,209.040,4.290
bed1,1633,18.277,209.073,4.268
bed1,1634,18.492,209.194,4.259
bed1,1635,18.723,209.298,4.240
bed1,1636,18.850,209.356,4.230
bed1,1637,19.091,209.469,4.214
bed1,1638,19.330,209.579,4.199
bed1,1639,19.576,209.692,4.183
bed1,1640,19.804,209.787,4.165
bed1,1641,19.914,209.851,4.162
bed1,1642,20.159,209.968,4.148
bed1,1643,20.393,210.065,4.129
bed1,1644,20.518,210.130,4.124
bed1,1645,20.637,210.178,4.114
bed1,1646,20.760,210.220,4.101
bed1,1647,21.106,210.379,4.079
bed1,1648,21.214,210.457,4.082
bed1,1649,21.344,210.494,4.066
bed1,1650,21.450,210.550,4.061
bed1,1651,21.585,210.611,4.052
bed1,1652,21.686,210.667,4.049
bed1,1653,21.808,210.719,4.040
bed1,1654,22.052,210.837,4.026
bed1,1655,22.183,210.861,4.007
bed1,1656,22.308,210.909,3.997
bed1,1657,22.535,211.022,3.989
bed1,1658,22.656,211.063,3.978
bed1,1659,22.814,211.142,3.975
bed1,1660,22.916,211.189,3.972
bed1,1661,23.036,211.235,3.967
bed1,1662,23.160,211.280,3.960
bed1,1663,23.408,211.378,3.949
bed1,1664,23.661,211.510,3.954
bed1,1665,23.803,211.562,3.951
bed1,1666,23.912,211.597,3.947
bed1,1667,24.030,211.660,3.952
bed1,1668,24.639,211.898,3.945
bed1,1669,24.888,212.003,3.946
bed1,1670,24.999,212.060,3.949
bed1,1671,25.101,212.113,3.952
bed1,1672,25.356,212.192,3.943
bed1,1673,25.456,212.253,3.949
bed1,1674,25.700,212.359,3.950
bed1,1675,26.292,212.624,3.956
bed1,1676,26.440,212.665,3.949
bed1,1677,26.553,212.708,3.948
bed1,1678,26.660,212.779,3.956
bed1,1679,26.774,212.835,3.959
bed1,1680,27.028,212.939,3.958
bed1,1681,27.134,212.978,3.956
bed1,1682,27.504,213.144,3.963
bed1,1683,27.631,213.190,3.962
bed1,1684,27.994,213.352,3.970
bed1,1685,28.112,213.394,3.970
bed1,1686,28.218,213.454,3.978
bed1,1687,28.461,213.571,3.988
bed1,1688,28.589,213.610,3.986
bed1,1689,28.837,213.715,3.992
bed1,1690,29.060,213.805,3.997
bed1,1691,29.555,214.001,4.006
bed1,1692,29.793,214.121,4.020
bed1,1693,29.904,214.179,4.026
bed1,1694,30.145,214.258,4.025
bed1,1695,30.490,214.398,4.033
bed1,1696,30.635,214.466,4.039
bed1,1697,30.746,214.509,4.041
bed1,1698,30.856,214.564,4.047
bed1,1699,31.224,214.723,4.058
bed1,1700,31.348,214.755,4.055
bed1,1701,31.460,214.827,4.067
bed1,1702,31.586,214.867,4.066
bed1,1703,31.828,214.963,4.070
bed1,1704,31.943,215.009,4.073
bed1,1705,32.304,215.169,4.085
bed1,1706,32.563,215.279,4.092
bed1,1707,32.771,215.362,4.097
bed1,1708,32.914,215.409,4.096
bed1,1709,33.505,215.669,4.116
bed1,1710,33.617,215.731,4.124
bed1,1711,33.972,215.875,4.132
bed1,1712,34.087,215.921,4.134
bed1,1713,34.331,216.023,4.141
bed1,1714,34.455,216.068,4.142
